tablero,semilla,metodo,resuelto,segundos,detalle
5x5 c6,1,Marcos (Carlos),True,0.001492706000135513,"24 marcos, 24 firmas, 14 nodos"
5x5 c6,1,Iterative Path MkIV|Human,True,0.045,"40/40 pts, 58 iter"
5x5 c6,2,Marcos (Carlos),True,0.0014603710001210857,"40 marcos, 40 firmas, 15 nodos"
5x5 c6,2,Iterative Path MkIV|Human,True,0.039,"40/40 pts, 202 iter"
5x5 c6,3,Marcos (Carlos),True,0.0009826450000218756,"10 marcos, 10 firmas, 16 nodos"
5x5 c6,3,Iterative Path MkIV|Human,True,0.064,"40/40 pts, 191 iter"
5x5 c6,4,Marcos (Carlos),True,0.002865666000161582,"144 marcos, 108 firmas, 29 nodos"
5x5 c6,4,Iterative Path MkIV|Human,True,0.042,"40/40 pts, 156 iter"
5x5 c6,5,Marcos (Carlos),True,0.0008378840002478682,"26 marcos, 26 firmas, 12 nodos"
5x5 c6,5,Iterative Path MkIV|Human,True,0.062,"40/40 pts, 27 iter"
5x5 c6,6,Marcos (Carlos),True,0.0014115539997874293,"14 marcos, 14 firmas, 22 nodos"
5x5 c6,6,Iterative Path MkIV|Human,True,0.051,"40/40 pts, 42 iter"
5x5 c6,7,Marcos (Carlos),True,0.0008022080000955611,"16 marcos, 16 firmas, 11 nodos"
5x5 c6,7,Iterative Path MkIV|Human,True,0.049,"40/40 pts, 157 iter"
5x5 c6,8,Marcos (Carlos),True,0.0007135689997994632,"4 marcos, 4 firmas, 10 nodos"
5x5 c6,8,Iterative Path MkIV|Human,True,0.057,"40/40 pts, 58 iter"
5x5 c6,9,Marcos (Carlos),True,0.001579905000198778,"16 marcos, 16 firmas, 11 nodos"
5x5 c6,9,Iterative Path MkIV|Human,True,0.03,"40/40 pts, 64 iter"
5x5 c6,10,Marcos (Carlos),True,0.001079798999853665,"32 marcos, 32 firmas, 13 nodos"
5x5 c6,10,Iterative Path MkIV|Human,True,0.058,"40/40 pts, 50 iter"
6x6 c6,1,Marcos (Carlos),True,0.0017503009999018104,"26 marcos, 25 firmas, 28 nodos"
6x6 c6,1,Iterative Path MkIV|Human,True,0.141,"60/60 pts, 2086 iter"
6x6 c6,2,Marcos (Carlos),True,0.00845909899999242,"360 marcos, 342 firmas, 61 nodos"
6x6 c6,2,Iterative Path MkIV|Human,True,0.158,"60/60 pts, 2561 iter"
6x6 c6,3,Marcos (Carlos),True,0.004861209000409872,"57 marcos, 57 firmas, 117 nodos"
6x6 c6,3,Iterative Path MkIV|Human,True,0.153,"60/60 pts, 2912 iter"
6x6 c6,4,Marcos (Carlos),True,0.003794069999912608,"208 marcos, 200 firmas, 54 nodos"
6x6 c6,4,Iterative Path MkIV|Human,True,0.179,"60/60 pts, 2418 iter"
6x6 c6,5,Marcos (Carlos),True,0.1138034109999353,"4752 marcos, 4636 firmas, 1158 nodos"
6x6 c6,5,Iterative Path MkIV|Human,True,0.192,"60/60 pts, 3710 iter"
6x6 c6,6,Marcos (Carlos),True,0.015457142000286694,"224 marcos, 224 firmas, 133 nodos"
6x6 c6,6,Iterative Path MkIV|Human,True,0.082,"60/60 pts, 329 iter"
6x6 c6,7,Marcos (Carlos),True,0.00553929599982439,"40 marcos, 40 firmas, 56 nodos"
6x6 c6,7,Iterative Path MkIV|Human,True,0.121,"60/60 pts, 1364 iter"
6x6 c6,8,Marcos (Carlos),True,0.005811513000026025,"100 marcos, 96 firmas, 206 nodos"
6x6 c6,8,Iterative Path MkIV|Human,True,0.131,"60/60 pts, 1574 iter"
6x6 c6,9,Marcos (Carlos),True,0.03830751899977258,"1992 marcos, 1902 firmas, 651 nodos"
6x6 c6,9,Iterative Path MkIV|Human,True,0.185,"60/60 pts, 3901 iter"
6x6 c6,10,Marcos (Carlos),True,0.019395355000142445,"1536 marcos, 1408 firmas, 122 nodos"
6x6 c6,10,Iterative Path MkIV|Human,True,0.088,"60/60 pts, 393 iter"
7x7 c6,1,Marcos (Carlos),True,3.731754851000005,"3408 marcos, 3360 firmas, 315989 nodos"
7x7 c6,1,Iterative Path MkIV|Human,True,2.041,"84/84 pts, 84355 iter"
7x7 c6,2,Marcos (Carlos),False,60.00122015800025,"? marcos, ? firmas, ? nodos, límite de tiempo"
7x7 c6,2,Iterative Path MkIV|Human,False,60.002,"79/84 pts, 5799239 iter"
7x7 c6,3,Marcos (Carlos),False,60.009896344000026,"72528 marcos, 68504 firmas, ? nodos, límite de tiempo"
7x7 c6,3,Iterative Path MkIV|Human,True,44.211,"84/84 pts, 3769885 iter"
7x7 c6,4,Marcos (Carlos),True,2.7894326679997903,"2256 marcos, 2032 firmas, 239930 nodos"
7x7 c6,4,Iterative Path MkIV|Human,True,32.116,"84/84 pts, 2360540 iter"
7x7 c6,5,Marcos (Carlos),True,6.744726796999657,"5520 marcos, 5080 firmas, 674407 nodos"
7x7 c6,5,Iterative Path MkIV|Human,False,60.0,"81/84 pts, 4447749 iter"
7x7 c6,6,Marcos (Carlos),True,3.729781717000151,"146880 marcos, 91120 firmas, 45112 nodos"
7x7 c6,6,Iterative Path MkIV|Human,False,60.0,"79/84 pts, 5525248 iter"
7x7 c6,7,Marcos (Carlos),True,21.671469443000206,"28512 marcos, 27868 firmas, 1101752 nodos"
7x7 c6,7,Iterative Path MkIV|Human,True,7.243,"84/84 pts, 486743 iter"
7x7 c6,8,Marcos (Carlos),True,1.4155586699998821,"9984 marcos, 8662 firmas, 106488 nodos"
7x7 c6,8,Iterative Path MkIV|Human,True,4.868,"84/84 pts, 222129 iter"
7x7 c6,9,Marcos (Carlos),False,60.01264083299975,"47024 marcos, 43148 firmas, ? nodos, límite de tiempo"
7x7 c6,9,Iterative Path MkIV|Human,False,60.005,"82/84 pts, 4181010 iter"
7x7 c6,10,Marcos (Carlos),True,0.5751007139997455,"3924 marcos, 3924 firmas, 42422 nodos"
7x7 c6,10,Iterative Path MkIV|Human,False,60.0,"82/84 pts, 4355885 iter"
8x8 c8,1,Marcos (Carlos),False,60.02715436799963,"61632 marcos, 60456 firmas, ? nodos, límite de tiempo"
8x8 c8,1,Iterative Path MkIV|Human,False,60.005,"102/112 pts, 2505833 iter"
8x8 c8,2,Marcos (Carlos),False,60.01787543899991,"81800 marcos, 80434 firmas, ? nodos, límite de tiempo"
8x8 c8,2,Iterative Path MkIV|Human,False,60.001,"101/112 pts, 2654672 iter"
8x8 c8,3,Marcos (Carlos),False,60.007509648999985,"94448 marcos, 80307 firmas, ? nodos, límite de tiempo"
8x8 c8,3,Iterative Path MkIV|Human,False,60.0,"102/112 pts, 2993198 iter"
8x8 c8,4,Marcos (Carlos),False,60.01369531499995,"694944 marcos, 681573 firmas, ? nodos, límite de tiempo"
8x8 c8,4,Iterative Path MkIV|Human,False,60.004,"102/112 pts, 2628807 iter"
8x8 c8,5,Marcos (Carlos),False,60.01224844999979,"? marcos, ? firmas, ? nodos, límite de tiempo"
8x8 c8,5,Iterative Path MkIV|Human,False,60.014,"103/112 pts, 2837406 iter"
model_yannick_0706.txt,1,Marcos (Carlos),False,60.00390713300021,"37872 marcos, 20238 firmas, ? nodos, límite de tiempo"
model_yannick_0706.txt,1,Iterative Path MkIV|Human,True,10.884,"84/84 pts, 867019 iter"
model_yannick_0706.txt,2,Marcos (Carlos),False,60.012346181999874,"37872 marcos, 30930 firmas, ? nodos, límite de tiempo"
model_yannick_0706.txt,2,Iterative Path MkIV|Human,True,8.796,"84/84 pts, 703443 iter"
model_yannick_0706.txt,3,Marcos (Carlos),False,60.01217410399977,"37872 marcos, 30930 firmas, ? nodos, límite de tiempo"
model_yannick_0706.txt,3,Iterative Path MkIV|Human,True,39.155,"84/84 pts, 3051269 iter"
model_yannick_0706.txt,4,Marcos (Carlos),False,60.003966582999965,"37872 marcos, 20238 firmas, ? nodos, límite de tiempo"
model_yannick_0706.txt,4,Iterative Path MkIV|Human,True,20.79,"84/84 pts, 1746142 iter"
model_yannick_0706.txt,5,Marcos (Carlos),False,60.00266820800016,"37872 marcos, 27402 firmas, ? nodos, límite de tiempo"
model_yannick_0706.txt,5,Iterative Path MkIV|Human,False,60.001,"77/84 pts, 5073045 iter"
