tablero,hilos,resuelto,segundos,marcos,nodos,grupos,verificacion
gen_5x5_c6_s1,2,True,0.0054,24,22,1/3,verificada
gen_5x5_c6_s10,2,True,0.0053,16,23,5/6,verificada
gen_5x5_c6_s2,2,True,0.0106,20,24,4/6,verificada
gen_5x5_c6_s3,2,True,0.0052,2,17,1/6,verificada
gen_5x5_c6_s4,2,True,0.0053,24,26,3/6,verificada
gen_5x5_c6_s5,2,True,0.0108,26,26,6/6,verificada
gen_5x5_c6_s6,2,True,0.0107,4,34,4/6,verificada
gen_5x5_c6_s7,2,True,0.0161,16,29,5/6,verificada
gen_5x5_c6_s8,2,True,0.0054,4,15,6/6,verificada
gen_5x5_c6_s9,2,True,0.016,16,30,6/6,verificada
gen_6x6_c6_s1,2,True,0.0107,12,59,3/6,verificada
gen_6x6_c6_s10,2,True,0.0273,1280,943,5/6,verificada
gen_6x6_c6_s2,2,True,0.0107,96,117,3/6,verificada
gen_6x6_c6_s3,2,True,0.0215,57,226,6/6,verificada
gen_6x6_c6_s4,2,True,0.0162,208,222,3/3,verificada
gen_6x6_c6_s5,2,True,0.0287,3808,4078,5/6,verificada
gen_6x6_c6_s6,2,True,0.0054,8,27,1/6,verificada
gen_6x6_c6_s7,2,True,0.0002,8,28,3/6,verificada
gen_6x6_c6_s8,2,True,0.0269,80,365,5/6,verificada
gen_6x6_c6_s9,2,True,0.022,1260,930,4/6,verificada
gen_7x7_c6_s1,2,True,0.1077,1584,248691,3/6,verificada
gen_7x7_c6_s10,2,True,0.05,288,152557,1/6,verificada
gen_7x7_c6_s2,2,True,9.542200000000001,440064,15534157,1/6,verificada
gen_7x7_c6_s3,2,True,0.2612,24144,529985,1/3,verificada
gen_7x7_c6_s4,2,True,0.0621,720,188493,2/3,verificada
gen_7x7_c6_s5,2,True,0.2607,4080,811893,5/6,verificada
gen_7x7_c6_s6,2,True,0.9218999999999999,24480,2435092,1/6,verificada
gen_7x7_c6_s7,2,True,0.0523,10624,148743,1/3,verificada
gen_7x7_c6_s8,2,True,0.07690000000000001,5128,176123,3/6,verificada
gen_7x7_c6_s9,2,True,0.9545,9120,3114563,1/6,verificada
gen_8x8_c8_s1,2,True,0.065,7504,120671,1/6,verificada
gen_8x8_c8_s2,2,True,2.5187,28018,3664191,2/6,verificada
gen_8x8_c8_s3,2,True,0.1388,11904,180664,1/6,verificada
gen_8x8_c8_s4,2,True,5.9418999999999995,342240,3921150,3/6,verificada
gen_8x8_c8_s5,2,False,30.003700000000002,0,54621184,1/6,
model0706_s1,2,True,0.6513,6312,2171440,1/6,verificada
model0706_s2,2,True,0.6634,6312,2124402,1/6,verificada
model0706_s3,2,True,0.5037,6312,1626614,1/6,verificada
model0706_s4,2,True,0.5264,6312,1660929,1/6,verificada
model0706_s5,2,True,0.5726,6312,1930378,1/6,verificada
